geometry_id,n_runs,nLayers,seg1_layers,seg2_layers,seg3_layers,t_absorber_seg1,t_absorber_seg2,t_absorber_seg3,t_scin_seg1,t_scin_seg2,t_scin_seg3,t_spacer,gun_energy_GeV,muon_threshold_GeV,detection_efficiency,detection_efficiency_std,eff_lo,eff_lo_std,eff_hi,eff_hi_std,energy_resolution,energy_resolution_std
00a06e3d,3,10,3,3,4,4.041,3.8751,4.1276,0.5299,0.3156,0.3709,0.1,5.0,,0.6865555555555556,0.006012333003763866,0.008529925843875649,4.203320402596805e-05,0.008405596916481128,4.603986355706972e-05,0.4059564450613191,0.0230017617497201
01b49aff,3,10,3,3,4,4.3318,3.5824,4.0594,0.5565,0.5125,0.4013,0.1,5.0,,0.7216666666666667,0.006887992773257255,0.00825461126514715,6.0360594334556855e-05,0.008106882730214352,6.49509119033337e-05,0.3793639673737757,0.009867227719329338
02fd29b6,3,10,3,3,4,3.9208,4.451,3.8779,0.415,0.426,0.4536,0.1,5.0,,0.7045555555555555,0.0021688023662158867,0.008396784553327263,1.7012681317173956e-05,0.008260459624599795,1.8458058148671545e-05,0.3657012466660256,0.0077901549370229
04a2b45c,3,10,3,3,4,4.1571,4.4233,3.7914,0.5005,0.3836,0.5429,0.1,5.0,,0.6703333333333333,0.015602706317957949,0.008634594605752555,0.00010109322312469529,0.008521076889435744,0.00011149148932806454,0.3454979954319346,0.00804150641233616
05b0d3af,3,10,3,3,4,3.914,4.2634,3.98,0.4905,0.3263,0.4607,0.1,5.0,,0.6954444444444444,0.009365025558091352,0.008465021849861568,6.91903287754645e-05,0.008334768971191528,7.543080910390855e-05,0.3832447150989171,0.023811429545570948
06529cd5,3,10,3,3,4,3.8869,3.9481,3.9391,0.5639,0.455,0.5613,0.1,5.0,,0.7426666666666666,0.003333333333333355,0.00806123659532254,3.265423123326036e-05,0.007899512725501415,3.4875683049864466e-05,0.37304704792034427,0.00616098281917904
06896228,3,10,3,3,4,4.4409,4.1857,4.2686,0.3735,0.5107,0.5197,0.1,5.0,,0.6797777777777778,0.008180826726311093,0.008575913851238163,5.394000394666204e-05,0.008456101936691182,5.939206868360635e-05,0.3438715787156051,0.009744982295763175
06d9f36b,3,10,3,3,4,3.8419,4.0813,3.768,0.5404,0.4234,0.4055,0.1,5.0,,0.6721111111111111,0.011451993195428847,0.008625014476721779,7.449417030217699e-05,0.008510311970149953,8.212628507970823e-05,0.3752992288669121,0.004448985726146841
0906da3e,3,10,3,3,4,3.9814,4.3519,3.5733,0.3409,0.5729,0.4666,0.1,5.0,,0.6661111111111111,0.006850250063021538,0.008663621897872916,4.2327441092123394e-05,0.008552918058412073,4.689273382416582e-05,0.3695839942726349,0.018855687540335068
0ae9ca8a,3,10,3,3,4,3.9871,4.2256,4.4207,0.5232,0.3902,0.3639,0.1,5.0,,0.6982222222222223,0.004438885412319568,0.008445297749930525,3.333791090058987e-05,0.008313193636486785,3.629612646672333e-05,0.39432708358430696,0.010097795078342848
0b399fc2,3,10,3,3,4,3.8095,3.7578,4.3818,0.4284,0.3075,0.539,0.1,5.0,,0.6739999999999999,0.012875471943885297,0.008612410474594157,8.407284199938543e-05,0.008496449128376252,9.26518101533258e-05,0.355370606183794,0.007546482989000807
0b7e0b3f,3,10,3,3,4,3.9588,3.8067,4.0175,0.3471,0.358,0.3213,0.1,5.0,,0.7077777777777777,0.011796107330308066,0.008369059755006347,9.591565365030064e-05,0.008230587393941521,0.00010377644125688679,0.3890634677317896,0.013569678037934168
0c8ccd20,3,10,3,3,4,4.3973,4.4864,4.4639,0.5802,0.5304,0.3903,0.1,5.0,,0.7063333333333334,0.012124355652982153,0.008380481265619633,9.418375109152547e-05,0.008242971546637076,0.0001022639614568289,0.3842079628924305,0.015951007130877503
0ed84c94,3,10,3,3,4,3.5968,4.0514,4.1197,0.4169,0.5011,0.3284,0.1,5.0,,0.7048888888888888,0.006752228712994882,0.008393512436655056,5.264551449199652e-05,0.008256965359754842,5.71453616549901e-05,0.3854295849953453,0.015556193256533792
0ffe3005,3,10,3,3,4,3.6435,4.0618,4.2112,0.5933,0.4863,0.5657,0.1,5.0,,0.7045555555555555,0.0015752718754175506,0.008396820092537172,1.2390604874936224e-05,0.008260495163809703,1.344043485192471e-05,0.35972248134884405,0.008757872706858011
1003b691,3,10,3,3,4,4.0698,4.1667,4.3922,0.4384,0.5493,0.3252,0.1,5.0,,0.694,0.006082762530298225,0.008476475354827909,4.518827730791028e-05,0.008347185118240138,4.92420875671648e-05,0.3744073015619207,0.008559477702681992
162d01ce,3,10,3,3,4,3.5287,3.8922,3.9709,0.5033,0.4487,0.4313,0.1,5.0,,0.7104444444444445,0.013167018279412041,0.008346960905102377,0.00010916403748687378,0.008206711358654917,0.0001179384509624511,0.3737897001833348,0.009373221670516624
17415312,3,10,3,3,4,4.0172,3.9286,3.8059,0.3625,0.4581,0.4485,0.1,5.0,,0.6818888888888889,0.01133986739748715,0.00856073646819877,7.690912585707337e-05,0.00843951761522388,8.446489994469819e-05,0.36008832073545216,0.013787252331303231
17adabbe,3,10,3,3,4,4.0338,4.4708,4.2889,0.3672,0.3588,0.4887,0.1,5.0,,0.7015555555555556,0.00683401080652526,0.008419447429271957,5.263765720959236e-05,0.008285121834100018,5.719183500823562e-05,0.3631734992871059,0.01406939596500666
18df08f3,3,10,3,3,4,4.3232,3.5452,3.8459,0.3831,0.4885,0.3615,0.1,5.0,,0.6884444444444444,0.01470575599074249,0.008513868661183236,0.00010228430515387813,0.008388280894142638,0.00011208322074606942,0.37234196563829797,0.01892831657390621
1f7216a4,3,10,3,3,4,4.1128,3.8218,4.4494,0.3508,0.4004,0.4577,0.1,5.0,,0.73,0.005291502622129186,0.008180721459088658,4.790971583593298e-05,0.008027439219835139,5.14361717118975e-05,0.3933029288151499,0.0037389657404661384
20e8e452,3,10,3,3,4,3.727,3.9876,4.2375,0.4717,0.3959,0.5311,0.1,5.0,,0.7067777777777778,0.009002057378012938,0.008377994896689963,7.156705201863372e-05,0.00824018898014367,7.756573502804461e-05,0.3648668904747267,0.009743160072511659
24ea854e,3,10,3,3,4,3.8662,4.4542,4.37,0.5859,0.4927,0.4417,0.1,5.0,,0.7041111111111111,0.002834966849371839,0.008400214463237687,2.2285149053532335e-05,0.008264185732073956,2.4174491583647845e-05,0.37811124855670825,0.015420060596072972
26b3fd31,3,10,3,3,4,3.8388,4.4462,3.8727,0.4192,0.5565,0.5172,0.1,5.0,,0.681,0.0063333333333333575,0.008568089503704135,4.277759514334858e-05,0.008447463045856788,4.6998124702079513e-05,0.3476198298578817,0.006076095215377052
2bcb50dc,3,10,3,3,4,4.1213,3.7875,4.0814,0.3351,0.3988,0.4636,0.1,5.0,,0.7017777777777777,0.006406015691288722,0.008417822515083198,4.967916686095265e-05,0.008283348821129355,5.394821560441561e-05,0.3842855917966604,0.013535445389510696
2cb4f0af,3,10,3,3,4,3.7349,4.0908,4.2229,0.3118,0.4073,0.3087,0.1,5.0,,0.7146666666666667,0.006887992773257245,0.00831424426751289,5.721582244976685e-05,0.008171180844209536,6.180602937504946e-05,0.38670987657715067,0.009860758152635539
2dfa296a,3,10,3,3,4,3.627,4.3596,4.3156,0.3019,0.4039,0.4556,0.1,5.0,,0.6993333333333333,0.008006941432976252,0.00843617810627062,6.153387422638277e-05,0.008303333498917579,6.686985346990953e-05,0.36524790551593833,0.007828223931359774
2f527494,3,10,3,3,4,3.7644,4.477,4.4318,0.3617,0.5824,0.5559,0.1,5.0,,0.6956666666666668,0.005773502691896263,0.008464217439706934,4.333219423241306e-05,0.008333816462255061,4.717991345399833e-05,0.3475019142756051,0.017498825326129928
304bfb5d,3,10,3,3,4,4.1376,3.9633,4.4037,0.3703,0.3178,0.3534,0.1,5.0,,0.6947777777777778,0.004167777629669148,0.008471052381553212,3.0561563922261346e-05,0.008341243799228812,3.333914715852396e-05,0.37993856965284606,0.012140718220141036
314a9d82,3,10,3,3,4,4.2134,3.9434,3.5475,0.5344,0.4832,0.5678,0.1,5.0,,0.6857777777777777,0.002009237924447242,0.008535849469704168,1.3988872180688602e-05,0.008412038888046203,1.5327909672672493e-05,0.3571548607356246,0.007043427673362999
3165c29c,3,10,3,3,4,3.699,4.4141,3.6968,0.4681,0.5444,0.4695,0.1,5.0,,0.7287777777777777,0.0050479185296002345,0.008191875008041046,4.536890023309234e-05,0.008039407312087818,4.8733041254116526e-05,0.3700183835681659,0.012990758633012809
31674628,3,10,3,3,4,3.7476,4.3099,4.3014,0.4937,0.3872,0.5711,0.1,5.0,,0.703,0.008838049055708539,0.00840776422022708,6.883298239141037e-05,0.008272475982972871,7.472239226304971e-05,0.3576059370222482,0.008340455381577466
3460e216,3,10,3,3,4,4.4934,3.7981,3.9594,0.5482,0.4144,0.3162,0.1,5.0,,0.6986666666666667,0.005507570547286107,0.008441769450156178,4.208150436228196e-05,0.008309369139148703,4.575198273681561e-05,0.4128511648779584,0.019238034769475443
34963d76,3,10,3,3,4,4.0619,4.2867,4.2611,0.385,0.3784,0.3195,0.1,5.0,,0.7183333333333333,0.011015141094572214,0.008282066552149433,9.56212784006504e-05,0.008136559498944984,0.0001029621753851422,0.38518173218682944,0.008399817992464316
34e6c89e,3,10,3,3,4,3.507,4.3139,4.1213,0.3286,0.5321,0.4518,0.1,5.0,,0.7101111111111112,0.0003849001794597722,0.008352511551082483,3.1222125387210426e-06,0.008212484152807916,3.378727153519033e-06,0.37810880325608937,0.006459451093712105
361a0675,3,10,3,3,4,4.1941,4.0363,3.657,0.3542,0.3306,0.3764,0.1,5.0,,0.7266666666666667,0.0027284509239574747,0.008211190892109643,2.434720731364942e-05,0.008060130134584323,2.6165557209510748e-05,0.38257341872061645,0.020955748484448634
361ac74f,3,10,3,3,4,3.6138,3.6732,4.0268,0.5121,0.4663,0.4801,0.1,5.0,,0.6792222222222222,0.01206617555783905,0.008578440164977922,8.188192055985306e-05,0.008458998497385664,8.992236428654899e-05,0.3573593222711726,0.007723256734975641
365997f6,3,10,3,3,4,3.626,3.5178,3.6382,0.394,0.506,0.5283,0.1,5.0,,0.6972222222222223,0.018470196213038637,0.008447828964507834,0.0001342314432329916,0.008316391295582704,0.0001465402237172531,0.3649354467262976,0.021248823095407224
396acebf,3,10,3,3,4,3.5204,3.5905,4.2402,0.3773,0.5634,0.4093,0.1,5.0,,0.6716666666666667,0.0025166114784235852,0.0086296804622256,1.597637026929602e-05,0.008515274153217511,1.7653535114527862e-05,0.3637710437880382,0.0037256677985499616
3f1661c7,3,10,3,3,4,4.2261,4.2819,3.7519,0.4567,0.3433,0.3812,0.1,5.0,,0.7142222222222223,0.004682512779045646,0.008318367587159389,3.8882265056633886e-05,0.008175600361419844,4.2002811952107995e-05,0.3917857172375294,0.019353323925609
3fb3de42,3,10,3,3,4,4.4491,3.9253,4.23,0.3175,0.5167,0.5856,0.1,5.0,,0.6633333333333333,0.0014529663145135888,0.008681034740534646,8.654951732611314e-06,0.008572182135847354,9.623272707403037e-06,0.36660388612405187,0.004971340947848028
3fef3a2c,3,10,3,3,4,3.701,4.3995,4.1047,0.5042,0.336,0.3232,0.1,5.0,,0.7028888888888889,0.00719052874993929,0.008409052568504808,5.521519531327381e-05,0.008273838380641515,6.0007222962765224e-05,0.39600425952940493,0.01977051154794712
41f1a438,3,10,3,3,4,3.7096,4.1076,4.2011,0.3808,0.5611,0.423,0.1,5.0,,0.6938888888888889,0.00734342739638144,0.008477031102440987,5.382624512758123e-05,0.00834781491524413,5.871983456239473e-05,0.37010607757217934,0.022231333249925603
4263b5c8,3,10,3,3,4,4.364,4.2696,3.812,0.5462,0.5548,0.4209,0.1,5.0,,0.6667777777777778,0.00655178799458027,0.008659606699226052,4.065631367226126e-05,0.008548458563419495,4.502270882750122e-05,0.36511946450750843,0.010206919721682937
447d5542,3,10,3,3,4,4.0007,3.7431,4.2952,0.5443,0.3292,0.4246,0.1,5.0,,0.707,0.0050332229568471705,0.008377123572511044,3.997917200522603e-05,0.008239169557182846,4.333342849416648e-05,0.3896379023147157,0.009881392741872072
4715fe56,3,10,3,3,4,3.9608,3.5472,3.5206,0.4271,0.4285,0.3577,0.1,5.0,,0.7016666666666667,0.010000000000000009,0.008417744266606872,7.713445459269348e-05,0.008283344622043942,8.379792467604894e-05,0.39792701734010744,0.004036310533169842
4b91d386,3,10,3,3,4,3.8194,4.2071,3.854,0.4014,0.5031,0.3871,0.1,5.0,,0.7007777777777777,0.004992587097480235,0.008425771245425318,3.8520462471005716e-05,0.008291963995989934,4.1847681378879176e-05,0.3765599045798074,0.011229072735653286
4d47a768,3,10,3,3,4,4.0216,3.6619,3.7807,0.561,0.3094,0.3055,0.1,5.0,,0.6992222222222222,0.0006938886664886967,0.008438029196647786,5.274243591703977e-06,0.008305258638685661,5.736681743768104e-06,0.42175058976995805,0.018866741499502626
4f1a0413,3,10,3,3,4,3.66,3.7222,3.6088,0.4466,0.3507,0.3948,0.1,5.0,,0.6931111111111111,0.002219442706159784,0.00848348957082734,1.6178211164153027e-05,0.00835479172936704,1.7657339476588286e-05,0.37553804180060507,0.008384851349896043
4f73e4af,3,10,3,3,4,4.0124,3.8152,3.7644,0.3894,0.5802,0.5255,0.1,5.0,,0.6915555555555555,0.013368010461684435,0.008492121443591941,9.628496691624836e-05,0.0083644602936049,0.0001051916079495154,0.3623363838799912,0.014406228980554723
5184ef5b,3,10,3,3,4,3.895,3.5591,4.1945,0.4803,0.3746,0.598,0.1,5.0,,0.7131111111111111,0.0062568481001338055,0.008327299835824956,5.144550239708925e-05,0.008185273103994787,5.561517221323806e-05,0.355800748740819,0.020039307319681177
5254b251,3,10,3,3,4,4.2687,3.9591,3.6165,0.3332,0.5586,0.5514,0.1,5.0,,0.6926666666666667,0.007549834435270757,0.008485925269545095,5.528535051487277e-05,0.008357523625648603,6.031650594163434e-05,0.3672543020473527,0.007749061477520869
52cd97c9,3,10,3,3,4,4.4057,3.5705,4.252,0.4056,0.321,0.5024,0.1,5.0,,0.6661111111111112,0.0063799454310913654,0.008663715219128676,3.852799562726179e-05,0.008553011379667833,4.27797043011868e-05,0.35445788543465767,0.012528217253679818
5446aa68,3,10,3,3,4,3.5638,4.0458,3.8821,0.4968,0.4701,0.3464,0.1,5.0,,0.6893333333333334,0.002645751311064593,0.008510733375828897,1.8793129725991662e-05,0.008384553213660753,2.0556370428045894e-05,0.3865433593906826,0.011619390794768288
5618571e,3,10,3,3,4,4.464,4.3727,4.0113,0.5176,0.3608,0.5467,0.1,5.0,,0.6762222222222222,0.0060030856263289375,0.008599909496692612,3.930593929806816e-05,0.008482467162655808,4.330641293518318e-05,0.35415651760912326,0.005964963765351784
5686685d,3,10,3,3,4,4.0498,4.1634,3.5383,0.3143,0.371,0.4077,0.1,5.0,,0.6741111111111112,0.006406015691288722,0.008613543453760678,4.152573110698171e-05,0.00849750805815186,4.579473498094699e-05,0.3950652175224307,0.016740965580245275
5705e06c,3,10,3,3,4,4.3404,4.2166,4.3456,0.3396,0.444,0.3922,0.1,5.0,,0.7112222222222222,0.0023412563895228522,0.008343375126932728,1.9151066308269988e-05,0.008202607234748638,2.071137267324444e-05,0.3685972039558281,0.008493857254473845
572b087c,3,10,3,3,4,3.7744,3.7621,4.3478,0.4505,0.3242,0.5836,0.1,5.0,,0.6441111111111111,0.007676322421962566,0.008787200567903941,3.9190090793289854e-05,0.008691158507849886,4.4305462877436484e-05,0.35818290600437525,0.01727686063852653
5b886875,3,10,3,3,4,4.1617,4.0087,3.7006,0.5277,0.3933,0.3825,0.1,5.0,,0.7194444444444444,0.006012333003763866,0.008273999109052391,5.169297313232178e-05,0.008127751561938493,5.5699674744785906e-05,0.39140984926575734,0.008449346354475706
5bf62ca3,3,10,3,3,4,3.5894,3.9174,4.4785,0.3793,0.4802,0.4348,0.1,5.0,,0.7382222222222222,0.002411392712690069,0.00810433498673561,2.3129807796148462e-05,0.007945573092552135,2.473686676721411e-05,0.3807972311093157,0.009030023176971418
5d566c1d,3,10,3,3,4,3.6043,3.6071,3.5849,0.51,0.3395,0.3072,0.1,5.0,,0.6775555555555556,0.0010715167512214481,0.008591669024687146,7.057304298272035e-06,0.008473338097959063,7.771410472549162e-06,0.41428402171847734,0.03191839064344751
5f2481e9,3,10,3,3,4,3.8226,4.123,3.9012,0.5585,0.3181,0.386,0.1,5.0,,0.6937777777777777,0.0028738927014172588,0.008478555816086622,2.103668612074521e-05,0.008349413678280682,2.2951957409295938e-05,0.397309765315545,0.012707376793483448
60566e56,3,10,3,3,4,3.5843,4.2497,3.6773,0.4132,0.5778,0.536,0.1,5.0,,0.7072222222222222,0.006702680503046966,0.00837503335953449,5.3897800138140094e-05,0.008236931245424461,5.83646120328274e-05,0.36675328172469146,0.0049752148466218815
608af040,3,10,3,3,4,4.0562,3.6774,3.7102,0.3138,0.4799,0.4371,0.1,5.0,,0.7154444444444445,0.015536098943118581,0.008304549163697198,0.0001282061845419184,0.00816096739465729,0.0001385579369254676,0.3791952509226249,0.012819815150255133
6112e9a9,3,10,3,3,4,3.6755,4.3059,3.8639,0.4085,0.4628,0.4848,0.1,5.0,,0.6835555555555555,0.007833924327587723,0.008550358984534046,5.379379338369373e-05,0.00842802939069498,5.901413922414851e-05,0.3534513660597141,0.0075278034814618665
619848c5,3,10,3,3,4,3.5756,4.2796,4.3308,0.3742,0.3643,0.3413,0.1,5.0,,0.6993333333333333,0.005044248650140531,0.008436792281852715,3.806982761103537e-05,0.008303947674499676,4.143148603176041e-05,0.39115224275213145,0.01823382314781293
61a5ff08,3,10,3,3,4,3.559,3.8951,4.0207,0.5718,0.3663,0.569,0.1,5.0,,0.6951111111111111,0.0076182043184097195,0.008467957001564552,5.562055821072332e-05,0.00833792627106733,6.069765103238119e-05,0.3752779230874908,0.014093947741525389
625a21d5,3,10,3,3,4,4.265,3.7483,4.1924,0.5905,0.4943,0.5905,0.1,5.0,,0.7128888888888888,0.006834010806525252,0.008329013456014852,5.574964398101176e-05,0.008187134822966588,6.0304131425198345e-05,0.36144168862031506,0.008458334203168045
6328b805,3,10,3,3,4,3.6653,4.3347,3.6054,0.5747,0.5388,0.3798,0.1,5.0,,0.6912222222222222,0.008234975094972338,0.008496238198015113,5.981331342718407e-05,0.00836879919620089,6.530097297542568e-05,0.3778898156248927,0.01541385150709564
689a9cf0,3,10,3,3,4,4.3528,4.3881,4.2542,0.3043,0.4315,0.5099,0.1,5.0,,0.6958888888888889,0.005014792931731899,0.00846269531267189,3.722145302987703e-05,0.00833214623643804,4.056341289638798e-05,0.3677430866037145,0.01410915131842007
6b18aaa6,3,10,3,3,4,4.1153,4.2021,3.5895,0.4443,0.5913,0.5809,0.1,5.0,,0.6972222222222223,0.008921468073842576,0.008451886156518706,6.621616435980345e-05,0.008320448487593501,7.216141615245426e-05,0.3624993732321762,0.007158085811511605
70a61a10,3,10,3,3,4,4.3829,4.1492,3.7444,0.3032,0.3888,0.5634,0.1,5.0,,0.7072222222222222,0.005003702332976763,0.00837535614361636,3.9957841918692325e-05,0.008237254029506258,4.3292415441273144e-05,0.3721781060409673,0.021025381164403778
7303f677,3,10,3,3,4,4.2959,3.9,4.1421,0.5892,0.346,0.3887,0.1,5.0,,0.7253333333333334,0.008452481555403952,0.008221974718562822,7.60353709317537e-05,0.008071802553728857,8.16683982163964e-05,0.3922975208036841,0.00753393778608397
74b1c79d,3,10,3,3,4,3.8815,4.138,3.7176,0.5116,0.4048,0.3485,0.1,5.0,,0.6948888888888889,0.013961587514531647,0.008467479801942365,0.00010141642766792875,0.008337597170226974,0.00011071958371849348,0.3834420918683714,0.009346940904728008
77b778da,3,10,3,3,4,3.9054,3.848,4.2746,0.5661,0.509,0.4728,0.1,5.0,,0.7007777777777777,0.009100264546419197,0.008424861294800653,6.872102416425145e-05,0.008291054045365343,7.478576548685744e-05,0.37826978564277014,0.0029084804270282315
790e3e81,3,10,3,3,4,3.876,4.2278,4.1117,0.487,0.5207,0.3441,0.1,5.0,,0.7094444444444444,0.0013877773329773935,0.00835788325275407,1.123999844593332e-05,0.008218300150825067,1.2164873943596017e-05,0.38053488691638276,0.0075339489285277126
7a0ea9c1,3,10,3,3,4,4.0965,3.7721,3.7961,0.3063,0.537,0.4425,0.1,5.0,,0.678,0.005291502622129186,0.00858833071236246,3.532903381551696e-05,0.008469703588070568,3.8855477796964956e-05,0.3699955866037392,0.003360727099176212
7b2c1da5,3,10,3,3,4,4.3592,3.5098,4.1613,0.3098,0.4197,0.46,0.1,5.0,,0.7094444444444444,0.0035642255405212006,0.008357708585874072,2.8639622009481134e-05,0.008218125483945146,3.101497974783706e-05,0.3842433156713037,0.014630173987605962
7c4ac019,3,10,3,3,4,4.3764,3.5359,4.0962,0.4528,0.3852,0.342,0.1,5.0,,0.7063333333333333,0.003333333333333355,0.008382652797442361,2.6447058445839147e-05,0.008245143078459805,2.8668505031512003e-05,0.38618607034652125,0.014394071943220258
7c94e0c0,3,10,3,3,4,4.4909,3.6365,3.8958,0.5688,0.4353,0.3546,0.1,5.0,,0.7050000000000001,0.008875684637129589,0.008392105720966528,6.955511720916293e-05,0.008255484594675325,7.546965060461983e-05,0.3976510008770194,0.014394013421618598
7f07873a,3,10,3,3,4,3.5713,3.7331,4.1489,0.3652,0.5698,0.4767,0.1,5.0,,0.707,0.0029627314724385407,0.008377390380593375,2.350642519199753e-05,0.008239436365265104,2.548091152474132e-05,0.37268392700354197,0.007197496861103752
7f22ea63,3,10,3,3,4,4.4723,4.3436,4.3757,0.4795,0.5263,0.3395,0.1,5.0,,0.6985555555555556,0.0034694433324435727,0.008442899739863563,2.61159998599504e-05,0.008310573478247077,2.8428172812532306e-05,0.3677910472290277,0.009914012969362921
822808dc,3,10,3,3,4,4.0813,3.8649,3.5437,0.5862,0.4389,0.4741,0.1,5.0,,0.702111111111111,0.001387777332977438,0.008415870299436726,1.0748929522584818e-05,0.008281174457310062,1.1673804972909542e-05,0.3755268933566547,0.018514819755303214
8475defc,3,10,3,3,4,4.3929,3.6012,3.6514,0.4205,0.5532,0.5014,0.1,5.0,,0.6928888888888888,0.007026405223894385,0.008484420913916916,5.1939767928495226e-05,0.008355871171238594,5.662247540850105e-05,0.3631131663231301,0.020167189959639554
8966462a,3,10,3,3,4,3.5527,4.4054,3.9101,0.4068,0.4724,0.49,0.1,5.0,,0.7036666666666666,0.0035276684147527975,0.00840361791726374,2.7681120577593074e-05,0.00826788538366389,3.003210364470288e-05,0.3673651525033015,0.03614739161294216
8befb9a7,3,10,3,3,4,3.9122,3.9336,4.0868,0.4728,0.3406,0.5949,0.1,5.0,,0.73,0.004255715111601227,0.00818089133311691,3.8973005736115746e-05,0.008027609093863316,4.1809160601133106e-05,0.36799635089967414,0.005557811735926765
8f701ccb,3,10,3,3,4,3.7599,4.1595,4.4582,0.5433,0.3487,0.5266,0.1,5.0,,0.7331111111111112,0.008921468073842613,0.008151177367485163,8.334592131375944e-05,0.0079958217452852,8.929109704564135e-05,0.38392561127465125,0.013068055246855795
90295512,3,10,3,3,4,4.075,3.9838,3.852,0.4858,0.3032,0.4981,0.1,5.0,,0.6997777777777777,0.012898463876383534,0.008431164000907302,0.00010060716405688398,0.008298023195990453,0.00010920326244518286,0.3859866480930781,0.006070142870100512
917a25fd,3,10,3,3,4,3.7431,3.7348,4.3095,0.5735,0.4617,0.4029,0.1,5.0,,0.6926666666666667,0.007881060278357938,0.008485850873444112,5.668663561960813e-05,0.00835744922954762,6.193882861228626e-05,0.38078322111097745,0.007040823130507064
9528b3bf,3,10,3,3,4,3.9944,4.0735,3.73,0.4592,0.4961,0.4925,0.1,5.0,,0.6983333333333333,0.009073771725877474,0.00844347086329785,6.896778519453082e-05,0.008311292700463194,7.501431806366052e-05,0.3570173055412369,0.002493829810181376
95a05dc4,3,10,3,3,4,4.4275,3.5222,3.8272,0.5064,0.4461,0.4265,0.1,5.0,,0.7161111111111111,0.010905316406502191,0.008300964815588063,9.025201092540033e-05,0.008156938750202439,9.751956131208545e-05,0.3694895127046594,0.014220818436977974
95c12f8d,3,10,3,3,4,4.2848,3.8865,3.6717,0.5141,0.5716,0.5065,0.1,5.0,,0.6982222222222223,0.015163308541539532,0.008442011260600402,0.00011235156629599992,0.008309907147156737,0.00012245521295946643,0.35714534881210863,0.008074414193282637
9612a12f,3,10,3,3,4,4.1508,4.3647,3.9269,0.3375,0.4372,0.3311,0.1,5.0,,0.6933333333333334,0.005131601439446888,0.00848153312809056,3.733255942376321e-05,0.008352687187848429,4.075240217268753e-05,0.38364131331480594,0.006714343807773562
96a716b5,3,10,3,3,4,3.9285,3.8668,3.9934,0.3269,0.3452,0.4132,0.1,5.0,,0.6907777777777778,0.00655178799458027,0.00849982655835387,4.773935896940134e-05,0.008372683754103457,5.21057555062206e-05,0.3709158934885004,0.00857398038984893
96f7cf28,3,10,3,3,4,4.2883,3.7138,4.1744,0.403,0.5939,0.5219,0.1,5.0,,0.6997777777777777,0.006336256635281414,0.00843317683323693,4.824241664216898e-05,0.00830003602832008,5.246493072323875e-05,0.35247344008493986,0.006634981362442027
97239ef5,3,10,3,3,4,4.1407,3.6997,3.8162,0.5508,0.4506,0.5563,0.1,5.0,,0.7127777777777778,0.0009622504486493986,0.00833067885768087,7.923450202316284e-06,0.00818887427402352,8.56473673924716e-06,0.3609597321181357,0.01752652144477772
98b5232e,3,10,3,3,4,4.238,4.0157,3.6876,0.4375,0.5255,0.3995,0.1,5.0,,0.7267777777777779,0.010248757828977991,0.008208530401331479,9.029415995116002e-05,0.008057395594415243,9.712430891283138e-05,0.38568885871412456,0.02081429274255215
996d15c3,3,10,3,3,4,3.7704,4.3767,4.3225,0.4481,0.3111,0.332,0.1,5.0,,0.6991111111111111,0.009394639921745778,0.008437483493991094,7.223846493149174e-05,0.008304786985419884,7.8499140026881e-05,0.39506319639064774,0.020841320143346432
9b26c2e4,3,10,3,3,4,4.3167,4.1882,3.5182,0.598,0.4134,0.5363,0.1,5.0,,0.6947777777777778,0.010308213194305759,0.008469673446079073,7.519551076730959e-05,0.008339864863754673,8.206473422756332e-05,0.365667504681601,0.008792277916657234
9bac59f8,3,10,3,3,4,4.455,4.2961,3.9152,0.3911,0.4457,0.3114,0.1,5.0,,0.694,0.004841946348777951,0.008476687625278756,3.564201016584783e-05,0.008347397388690983,3.886878652497955e-05,0.3781710360288408,0.011153780616275267
9c9fc394,3,10,3,3,4,3.7873,3.6545,3.6652,0.5952,0.3542,0.5419,0.1,5.0,,0.6859999999999999,0.005686240703077332,0.008533870032056337,3.9397115944697686e-05,0.00840991135161647,4.31865757514724e-05,0.3684058737861699,0.019998413129633578
9f1eb4f6,3,10,3,3,4,4.1021,4.0028,3.6432,0.5303,0.523,0.4642,0.1,5.0,,0.6966666666666667,0.007446102634562872,0.008456418864498105,5.621149723283286e-05,0.008325351442527626,6.117372358786171e-05,0.3454632465527499,0.008166285127041942
a418124e,3,10,3,3,4,4.4118,3.7087,3.5069,0.5326,0.3536,0.5967,0.1,5.0,,0.6943333333333334,0.009814954576223646,0.008473093669772705,7.359796553780004e-05,0.008343581285012114,8.013908821444371e-05,0.3522989007586901,0.009092631176868506
a620c856,3,10,3,3,4,3.5432,3.8397,3.7537,0.3211,0.5436,0.5057,0.1,5.0,,0.6556666666666667,0.0024037008503093385,0.00872551875460433,1.361660690124243e-05,0.00862177555789212,1.5218529314685933e-05,0.36653484890258836,0.0013332279144215938
a6fd6544,3,10,3,3,4,3.8597,4.3826,3.5752,0.4305,0.3739,0.448,0.1,5.0,,0.7065555555555555,0.00828206451270412,0.008379967686011902,6.486017050263295e-05,0.00824230986824744,7.037969896314489e-05,0.37911570043182546,0.0024295404162012232
a90816f5,3,10,3,3,4,4.4149,3.9943,4.4958,0.3693,0.324,0.3034,0.1,5.0,,0.7056666666666667,0.004176654695380539,0.008387829967714958,3.2954662910381085e-05,0.008250764545078115,3.5738104892211794e-05,0.39218106131955643,0.004837552161537274
aa416e9c,3,10,3,3,4,4.4379,3.5967,3.9479,0.5652,0.5851,0.5537,0.1,5.0,,0.7254444444444444,0.005872093449655049,0.008221625266526885,5.235173786309567e-05,0.008071379052302005,5.626500880881504e-05,0.3613275157589797,0.01803639975210391
ab9af135,3,10,3,3,4,4.1286,3.8293,3.5317,0.5787,0.4759,0.5889,0.1,5.0,,0.7256666666666667,0.0030000000000000027,0.008220086228673281,2.668900337144185e-05,0.008069691915666569,2.8688313682830816e-05,0.34941813630533175,0.010887960512837047
ac167f59,3,10,3,3,4,3.8272,3.7809,3.9247,0.397,0.4246,0.3125,0.1,5.0,,0.6777777777777777,0.004622809791714396,0.00858990069909941,3.037624730048149e-05,0.008471421673589422,3.345702533945253e-05,0.3898595432780712,0.011387490445456705
aef4aac0,3,10,3,3,4,4.4827,3.6493,4.0726,0.5376,0.52,0.5337,0.1,5.0,,0.6859999999999999,0.0033829638550307065,0.008534186663708384,2.36877134284657e-05,0.008410227983268589,2.5942239552367746e-05,0.3578606545424769,0.028331591919284492
b181a166,3,10,3,3,4,4.4238,3.6261,4.4671,0.5543,0.3042,0.5755,0.1,5.0,,0.7068888888888889,0.0071827983817307015,0.008377583991303506,5.7336325281810494e-05,0.008239704025366223,6.212292702852454e-05,0.3670110848534258,0.008126535305146437
b252a642,3,10,3,3,4,4.1731,3.6146,4.361,0.464,0.5678,0.3515,0.1,5.0,,0.7222222222222223,0.003421067626297885,0.008250380156575976,2.994142614884691e-05,0.008102281374688455,3.222135692879185e-05,0.3921929984055441,0.01579343144638612
b4ad3893,3,10,3,3,4,4.0287,4.1418,4.0636,0.4328,0.547,0.5794,0.1,5.0,,0.6914444444444445,0.0033719979789985726,0.008495504515826738,2.4530653365456113e-05,0.008367917415230686,2.6777902072315592e-05,0.35131670869741954,0.012010217979090812
b57f681d,3,10,3,3,4,3.6098,4.4868,4.0466,0.4958,0.4769,0.3965,0.1,5.0,,0.7012222222222223,0.015794982794592724,0.008418830541912503,0.00011813322695413959,0.008284727094913383,0.00012865964173067128,0.3777469079283775,0.007718791260781295
ba50ece9,3,10,3,3,4,4.2079,3.7768,3.7395,0.3988,0.4535,0.516,0.1,5.0,,0.6933333333333334,0.0011547005383792527,0.008481920202283,8.431838768816273e-06,0.008353074262040941,9.201382613082048e-06,0.3604874667561191,0.013762141609549455
bac939f7,3,10,3,3,4,3.8725,4.1049,4.2188,0.4988,0.5892,0.3145,0.1,5.0,,0.7152222222222222,0.0059659527816261545,0.00830979736460887,4.963306252962241e-05,0.00816636369435079,5.360891290677439e-05,0.3808290404781935,0.01197902726011409
bbb760bd,3,10,3,3,4,3.6387,4.2429,3.6273,0.3443,0.587,0.3378,0.1,5.0,,0.6783333333333333,0.011289129481250708,0.008584630908995824,7.616223577721467e-05,0.008465781636531111,8.368512538018769e-05,0.38647687742272513,0.016373073679404885
be6250b5,3,10,3,3,4,4.1761,4.1136,4.4433,0.4108,0.4919,0.3345,0.1,5.0,,0.7136666666666667,0.005206833117271105,0.008322898151846725,4.2798218932094024e-05,0.008180501173061905,4.626827954662693e-05,0.38316140332646625,0.013552060631121519
befdf306,3,10,3,3,4,3.5057,3.6904,4.0492,0.52,0.3805,0.4294,0.1,5.0,,0.6813333333333333,0.00850490054811539,0.008565351501286752,5.748570638661948e-05,0.008444502895266584,6.31530656347506e-05,0.3828693011504489,0.0062959143263317955
c102832e,3,10,3,3,4,4.2413,4.3247,4.4879,0.3429,0.5292,0.5727,0.1,5.0,,0.6748888888888889,0.01387376954837734,0.008606270882200858,9.053939051221475e-05,0.00848971714085541,9.978253356004193e-05,0.3602669926040907,0.007872373336888158
c3d807ea,3,10,3,3,4,3.8033,4.4319,3.8897,0.5384,0.5358,0.3736,0.1,5.0,,0.7040000000000001,0.007535103036971576,0.008400302328268569,5.945236755465573e-05,0.008264347646495751,6.44738572116315e-05,0.3777923216812962,0.004788065526094824
c5dcd688,3,10,3,3,4,3.9792,4.06,4.1705,0.4887,0.5796,0.5452,0.1,5.0,,0.7028888888888889,0.012659354614642054,0.008407336533510334,9.626153647317179e-05,0.00827212234564704,0.00010469814092783407,0.34670737133244933,0.013753877927324546
c8e3e7f7,3,10,3,3,4,4.0907,3.6805,3.9894,0.386,0.5997,0.4786,0.1,5.0,,0.71,0.007810249675906661,0.008352418184214986,6.421094645330655e-05,0.008212464835331335,6.941602878720565e-05,0.3710976405015513,0.009262478781282911
cabc65f8,3,10,3,3,4,4.2268,4.4979,3.5955,0.3308,0.4996,0.3676,0.1,5.0,,0.6856666666666666,0.010588253449512367,0.008534986321887724,7.287096921413863e-05,0.008411249789620748,7.992662874738453e-05,0.3806941508530777,0.014406324013576263
cbb8d403,3,10,3,3,4,4.2019,4.1767,4.1538,0.4412,0.3376,0.4716,0.1,5.0,,0.7007777777777777,0.013765227258620933,0.008423186194019938,0.00010318036510490987,0.008289378944584628,0.00011235378618545417,0.3687845947035118,0.011335621744521475
ccc21ff8,3,10,3,3,4,3.8508,3.8052,4.1852,0.4231,0.4173,0.4874,0.1,5.0,,0.7215555555555556,0.008180826726311085,0.008255249382024673,7.125475393840824e-05,0.008107594896482792,7.670635798186956e-05,0.3746839956545179,0.018344047206711
d153f36b,3,10,3,3,4,3.6878,4.2384,4.3356,0.4605,0.47,0.5112,0.1,5.0,,0.7306666666666667,0.008326663997864477,0.008173912137273032,7.546996275009754e-05,0.008020185601673798,8.101900266949825e-05,0.3688755132465813,0.0127293729862686
d1c56821,3,10,3,3,4,4.3342,3.9699,3.6819,0.3534,0.4088,0.4957,0.1,5.0,,0.6976666666666667,0.009291573243177578,0.008448432342050985,7.070336997545186e-05,0.00831669847556197,7.689527071621826e-05,0.37176323445890835,0.008201008906624454
d38a8fd7,3,10,3,3,4,4.191,4.4336,3.8383,0.4831,0.5409,0.5595,0.1,5.0,,0.7001111111111111,0.008275353858384623,0.008430180462615936,6.414103793353589e-05,0.008296817509526266,6.96561021509876e-05,0.362704264901436,0.016519041348430307
d4c77f1e,3,10,3,3,4,4.4761,4.4068,3.6237,0.3196,0.5518,0.3752,0.1,5.0,,0.7116666666666666,0.001855921454276689,0.008339771752487013,1.5184355996230738e-05,0.008198707662739188,1.642121997485224e-05,0.37931617898939934,0.010278027191659355
d52c8692,3,10,3,3,4,3.7859,3.9758,4.4153,0.4431,0.3332,0.5235,0.1,5.0,,0.7162222222222222,0.007932586332711817,0.008300949237636987,6.638472178035405e-05,0.008156849122860447,7.167099105768145e-05,0.37868243849824995,0.011948355231849886
d76ac252,3,10,3,3,4,4.1854,3.9115,3.7224,0.3584,0.5149,0.5936,0.1,5.0,,0.691,0.005811865258054202,0.008498366955357292,4.2328994446862346e-05,0.008371076052324974,4.620225718176358e-05,0.3607453959550755,0.02040295200923103
da09464e,3,10,3,3,4,4.3688,4.0691,4.0789,0.5209,0.3002,0.5137,0.1,5.0,,0.6868888888888889,0.005419443732558726,0.008527689828445947,3.83590715775741e-05,0.008403138752878606,4.197076821739932e-05,0.35977534361997643,0.0019502912235812436
dacdab1d,3,10,3,3,4,3.9434,4.3271,3.5629,0.4662,0.5053,0.4834,0.1,5.0,,0.702111111111111,0.007073686241065312,0.008415103195524668,5.518438618192439e-05,0.008280407353398004,5.989843599204135e-05,0.36786737652227003,0.007854629188894985
e3d99056,3,10,3,3,4,4.3115,4.4629,3.8237,0.3485,0.3622,0.4452,0.1,5.0,,0.6843333333333333,0.005507570547286107,0.008545469971819522,3.8410341942815954e-05,0.008422622032243829,4.208081910343541e-05,0.3650203039874042,0.011645840598862235
e7d2a9e6,3,10,3,3,4,4.2517,3.5024,3.9458,0.4624,0.4656,0.4337,0.1,5.0,,0.7053333333333333,0.003055050463303896,0.008390591595310562,2.402148807135062e-05,0.008253748320846466,2.6057490319529856e-05,0.38250990757135933,0.008629104463942404
e8dde3ff,3,10,3,3,4,3.7203,4.0283,3.9831,0.4751,0.397,0.4184,0.1,5.0,,0.701,0.0020816659994661343,0.0084243930381153,1.5939303453444343e-05,0.008290437689898086,1.732661441849425e-05,0.38185511607443196,0.018139917196082742
e96fedd2,3,10,3,3,4,3.9669,4.2563,4.481,0.5533,0.5748,0.4977,0.1,5.0,,0.7002222222222222,0.003976784481816267,0.008430169671432952,3.018796143643806e-05,0.008296732668952292,3.2838259109266256e-05,0.3600897478866465,0.004623219274065956
ea82b116,3,10,3,3,4,3.7987,4.0976,4.1358,0.5961,0.5958,0.3641,0.1,5.0,,0.7077777777777778,0.009215526350997334,0.008369941438857683,7.488200065744982e-05,0.008231469077792855,8.102353880352057e-05,0.3758537571711446,0.011045657913864157
ecba614c,3,10,3,3,4,3.515,3.5268,4.0344,0.5771,0.4571,0.412,0.1,5.0,,0.6746666666666666,0.0026034165586355205,0.0086104623630342,1.6929570628854183e-05,0.00849405672047058,1.866460256914887e-05,0.39475562671100445,0.016837733336741073
f10fb338,3,10,3,3,4,4.301,3.6307,3.5545,0.4344,0.3131,0.5486,0.1,5.0,,0.6473333333333334,0.0026666666666666505,0.008771075782270285,1.4117025659542095e-05,0.008672886289878797,1.5894181852133084e-05,0.3523169402985107,0.004562448448806393
f373b80b,3,10,3,3,4,4.2741,3.6458,4.0028,0.3955,0.4854,0.4389,0.1,5.0,,0.7037777777777778,0.00435039376676707,0.008402646502583377,3.418329597452202e-05,0.008266839919592539,3.708255983824018e-05,0.3648149503541205,0.012712400123069907
f3858c75,3,10,3,3,4,3.5371,3.7009,3.5054,0.524,0.3768,0.5866,0.1,5.0,,0.713111111111111,0.00673575314054568,0.008327195130246712,5.594690304892145e-05,0.008185168398416617,6.0435680131514096e-05,0.3778095408081296,0.01423007433273463
f53982fe,3,10,3,3,4,3.7158,3.8464,4.3946,0.4775,0.598,0.3262,0.1,5.0,,0.6994444444444444,0.009720158511129427,0.008434849340360243,7.52263849481627e-05,0.008301930683616213,8.170432898436716e-05,0.38983203819516293,0.01162335540635329
f54c99bf,3,10,3,3,4,3.9506,3.5637,4.3562,0.5823,0.4202,0.4172,0.1,5.0,,0.7121111111111111,0.004537906190369389,0.008335845121255478,3.705278010864991e-05,0.008194484833943916,4.007700958989869e-05,0.3895662841983603,0.012708385318010627
fbab4a4a,3,10,3,3,4,3.9388,4.1999,4.2854,0.3565,0.3689,0.4145,0.1,5.0,,0.6994444444444445,0.002775554665954831,0.008436226692840387,2.1028487646955733e-05,0.008303308036096357,2.287823141809423e-05,0.35684786881932623,0.012863474170749236
fced5fc9,3,10,3,3,4,3.6857,3.5755,4.4391,0.4545,0.4111,0.3007,0.1,5.0,,0.6849999999999999,0.009073771725877474,0.008540066520454618,6.334627445907783e-05,0.008416774284533282,6.939274706450592e-05,0.39889628165892965,0.006759485596611427
fe011d9f,3,10,3,3,4,3.6533,3.8588,3.774,0.425,0.4401,0.3681,0.1,5.0,,0.6863333333333334,0.005925462944877056,0.008531498439332541,4.1094119729698205e-05,0.008407317610719852,4.504302144867235e-05,0.38429884742280174,0.007840753035427216
ff18cd6a,3,10,3,3,4,3.6668,4.0215,4.4091,0.3223,0.5642,0.5773,0.1,5.0,,0.7208888888888888,0.007275020682164869,0.008261270484543393,6.257910891851021e-05,0.008114060295347225,6.742724803745634e-05,0.368462894732316,0.010807355877469416
ffef8abf,3,10,3,3,4,4.2555,4.1286,3.9633,0.3254,0.4331,0.3584,0.1,5.0,,0.6958888888888889,0.0032885885748774927,0.008462918674512728,2.459756289526265e-05,0.008332369598278877,2.6789221523470124e-05,0.38001398251176505,0.010285862540801745
